"0","# Load the cleaned merged data"
"0","merged_data <- na.omit(merged_data)"
"0",""
"0","# Convert Date column properly"
"0","merged_data$Date <- as.Date(merged_data$Date)"
"0",""
"0","# Define UI"
"0","ui <- fluidPage("
"0","  titlePanel(""Nvidia (NVDA) Stock and Sentiment Explorer""),"
"0","  "
"0","  sidebarLayout("
"0","    sidebarPanel("
"0","      dateRangeInput(""date_range"", "
"0","                     ""Select Date Range:"", "
"0","                     start = min(merged_data$Date), "
"0","                     end = max(merged_data$Date)),"
"0","      selectInput(""sentiment_type"", "
"0","                  ""Select Sentiment Type:"","
"0","                  choices = c(""All"", ""Positive"", ""Negative""),"
"0","                  selected = ""All"")"
"0","    ),"
"0","    "
"0","    mainPanel("
"0","      tabsetPanel("
"0","        tabPanel(""Sentiment Over Time"", plotOutput(""sentimentPlot"")),"
"0","        tabPanel(""Stock Price Over Time"", plotOutput(""stockPlot"")),"
"0","        tabPanel(""Combined View"", plotOutput(""combinedPlot""))"
"0","      )"
"0","    )"
"0","  )"
"0",")"
"0","# Define Server"
"0","server <- function(input, output) {"
"0","  "
"0","  filtered_data <- reactive({"
"0","    data <- merged_data %>%"
"0","      filter(Date >= input$date_range[1], Date <= input$date_range[2])"
"0","    "
"0","    # No need to filter by sentiment sign anymore"
"0","    data"
"0","  })"
"0","  "
"0","  selected_sentiment <- reactive({"
"0","    if (input$sentiment_type == ""Positive"") {"
"0","      return(""Positive"")"
"0","    } else if (input$sentiment_type == ""Negative"") {"
"0","      return(""Negative"")"
"0","    } else {"
"0","      return(""MeanSentiment"")  # Default"
"0","    }"
"0","  })"
"0","  "
"0","  # Scaling function to properly display everything"
"0","  scaling_factor <- reactive({"
"0","    if (input$sentiment_type == ""Positive"") {"
"0","      return(1/100)"
"0","    } else if (input$sentiment_type == ""Negative"") {"
"0","      return(1/10)"
"0","    } else {"
"0","      return(10)  # No scaling for MeanSentiment"
"0","    }"
"0","  })"
"0","  "
"0","  output$sentimentPlot <- renderPlot({"
"0","    ggplot(filtered_data(), aes(x = Date, y = .data[[selected_sentiment()]])) +"
"0","      geom_line(color = ""darkgreen"") +"
"0","      labs(title = ""Sentiment Over Time"","
"0","           x = ""Date"","
"0","           y = ""Sentiment Score"")"
"0","  })"
"0","  "
"0","  output$stockPlot <- renderPlot({"
"0","    ggplot(filtered_data(), aes(x = Date, y = NVDA.Close)) +"
"0","      geom_line(color = ""steelblue"") +"
"0","      labs(title = ""Nvidia (NVDA) Closing Stock Prices"","
"0","           x = ""Date"","
"0","           y = ""Closing Price (USD)"")"
"0","  })"
"0","  "
"0","  output$combinedPlot <- renderPlot({"
"0","    ggplot(filtered_data(), aes(x = Date)) +"
"0","      geom_line(aes(y = NVDA.Close), color = ""blue"") +"
"0","      geom_line(aes(y = .data[[selected_sentiment()]] * scaling_factor()), color = ""red"") +"
"0","      labs(title = ""NVDA Stock Prices and Scaled Sentiment"","
"0","           x = ""Date"","
"0","           y = ""Value"","
"0","           caption = ""Blue = Stock Price, Red = Scaled Sentiment"")"
"0","  })"
"0","}"
"0",""
"0","# Run the App"
"0","shinyApp(ui = ui, server = server)"
"2","G3;
Listening on http://127.0.0.1:5620
g"
