{"chunk_definitions":[{"row":27,"row_count":1,"visible":true,"expansion_state":0,"options":{"engine":"r","label":"setup","include":false,"dev":"png"},"document_id":"7F8729D0","chunk_id":"c57xpqfpei80l","chunk_label":"setup"},{"row":56,"row_count":1,"visible":true,"expansion_state":0,"options":{"engine":"r","label":"unnamed-chunk-1","dev":"png"},"document_id":"7F8729D0","chunk_id":"cu2xkf1qkb4nk","chunk_label":"unnamed-chunk-1"},{"row":80,"row_count":1,"visible":true,"expansion_state":0,"options":{"engine":"r","label":"unnamed-chunk-2","dev":"png"},"document_id":"7F8729D0","chunk_id":"c16ut3k63f3nk","chunk_label":"unnamed-chunk-2"},{"row":139,"row_count":1,"visible":true,"expansion_state":0,"options":{"engine":"r","label":"unnamed-chunk-3","dev":"png"},"document_id":"7F8729D0","chunk_id":"clkymvl3s3rhh","chunk_label":"unnamed-chunk-3"},{"row":252,"row_count":1,"visible":true,"expansion_state":0,"options":{},"document_id":"3ABAD9F6","chunk_id":"cfwrllhhql6ua","chunk_label":"unnamed-chunk-4"},{"row":289,"row_count":1,"visible":true,"expansion_state":0,"options":{"engine":"r","label":"unnamed-chunk-5","dev":"png"},"document_id":"3ABAD9F6","chunk_id":"cnkk49m7x3o2a","chunk_label":"unnamed-chunk-5"},{"row":388,"row_count":1,"visible":true,"expansion_state":0,"options":{"engine":"r","label":"unnamed-chunk-6","dev":"png"},"document_id":"3ABAD9F6","chunk_id":"cbb8xs0imwv3t","chunk_label":"unnamed-chunk-6"}],"doc_write_time":1745789977,"chunk_rendered_width":700,"working_dir":null,"default_chunk_options":{}}