"0","# Remove unecessary columns from tweet data"
"0","tweet_data <- tweet_data[ , c(""Text"", ""Day"")]"
"0",""
"0","# Create corpus and tokens"
"0","corpus <- corpus(tweet_data$Text)"
"0","tokens <- tokens(corpus, remove_punct = TRUE, remove_symbols = TRUE)"
"0","tokens <- tokens_tolower(tokens)"
"0","tokens <- tokens_remove(tokens, stopwords(""en""))"
"0",""
"0","# Create document-feature matrix (DFM)"
"0","# For performance's sake"
"0","dfm <- dfm(tokens)"
"0","word_freq <- data.frame(topfeatures(dfm, 1000))"
"0",""
"0","clean_text <- sapply(tokens, function(x) paste(x, collapse = "" ""))"
"0","tweet_data$CleanText <- clean_text"
