{"chunk_definitions":[{"row":49,"row_count":1,"visible":true,"expansion_state":0,"options":{"engine":"r","label":"unnamed-chunk-3","dev":"png"},"document_id":"02F3E01E","chunk_id":"cnp86zf63ad5c","chunk_label":"unnamed-chunk-2"},{"row":72,"row_count":1,"visible":true,"expansion_state":0,"options":{"engine":"r","label":"unnamed-chunk-10","dev":"png"},"document_id":"02F3E01E","chunk_id":"c5y7zgjq4slk9","chunk_label":"unnamed-chunk-3"},{"row":124,"row_count":1,"visible":true,"expansion_state":0,"options":{"engine":"r","label":"unnamed-chunk-21","dev":"png"},"document_id":"02F3E01E","chunk_id":"cjzlml334kt02","chunk_label":"unnamed-chunk-4"},{"row":157,"row_count":1,"visible":true,"expansion_state":0,"options":{"engine":"r","label":"unnamed-chunk-22","dev":"png"},"document_id":"02F3E01E","chunk_id":"cc2clev2dhlhe","chunk_label":"unnamed-chunk-5"}],"doc_write_time":1744844060,"chunk_rendered_width":617}