"0","# Give a score to each tweet"
"0","tweet_data$Sentiment <- get_sentiment(tweet_data$CleanText, method = ""afinn"")"
"0",""
"0","# Get sentiment score and tweet volume"
"0","df <- tweet_data %>%"
"0","  mutate(SentimentType = case_when("
"0","    Sentiment > 0 ~ ""positive"","
"0","    Sentiment < 0 ~ ""negative"","
"0","    TRUE ~ ""neutral"""
"0","  )) %>%"
"0","  group_by(Day) %>%"
"0","  summarize("
"0","    MeanSentiment = mean(Sentiment),"
"0","    TweetVolume = n(),"
"0","    Positive = sum(SentimentType == ""positive""),"
"0","    Negative = sum(SentimentType == ""negative""),"
"0","    Neutral = sum(SentimentType == ""neutral""),"
"0","    NegPosRatio = ifelse(Positive > 0, Negative / Positive, NA),"
"0","    PosRatio = ifelse(Positive > 0, Positive / TweetVolume, NA),"
"0","    NegRatio = ifelse(Negative > 0, Negative / TweetVolume, NA)) "
"0",""
"0","# Merge text mining data and stock data"
"0","merged_data <- merge(x = nvda_data, y = df, by.x = ""Date"", by.y = ""Day"", all.y = T)"
"0",""
"0","merged_data <- merged_data %>%"
"0","  mutate("
"0","    LaggedSentiment = lag(MeanSentiment, 1),"
"0","    Volatility = abs(AReturn),  # absolute return as proxy"
"0","    LaggedAReturn = lag(AReturn, 1),"
"0","    LaggedVolatility = lag(Volatility, 1),"
"0","    LaggedNVDA_Volume = lag(NVDA.Volume, 1),"
"0","    LaggedTVolume = lag(TweetVolume, 1)"
"0","  )"
"0",""
"0","# Select only numeric columns you care about"
"0","cor_data <- merged_data %>%"
"0","  select("
"0","    AReturn, Volatility, MeanSentiment, LaggedSentiment, TweetVolume,"
"0","    LaggedTVolume, NVDA.Volume, LaggedNVDA_Volume, LaggedAReturn,"
"0","    LaggedVolatility) %>%"
"0","  na.omit()"
"0",""
"0",""
"0","# Compute correlation matrix"
"0","cor_matrix <- cor(cor_data)"
"0",""
"0","write.csv(x = merged_data, file = ""Data/merged_data.csv"")"
"0",""
