{"chunk_definitions":[{"row":27,"row_count":1,"visible":true,"expansion_state":0,"options":{"engine":"r","label":"setup","include":false,"dev":"png"},"document_id":"7F8729D0","chunk_id":"c57xpqfpei80l","chunk_label":"setup"},{"row":56,"row_count":1,"visible":true,"expansion_state":0,"options":{"engine":"r","label":"unnamed-chunk-37","dev":"png"},"document_id":"7F8729D0","chunk_id":"cu2xkf1qkb4nk","chunk_label":"unnamed-chunk-1"},{"row":80,"row_count":1,"visible":true,"expansion_state":0,"options":{"engine":"r","label":"unnamed-chunk-38","dev":"png"},"document_id":"7F8729D0","chunk_id":"c16ut3k63f3nk","chunk_label":"unnamed-chunk-2"},{"row":139,"row_count":1,"visible":true,"expansion_state":0,"options":{"engine":"r","label":"unnamed-chunk-45","dev":"png"},"document_id":"7F8729D0","chunk_id":"clkymvl3s3rhh","chunk_label":"unnamed-chunk-3"},{"row":172,"row_count":1,"visible":true,"expansion_state":0,"options":{"engine":"r","label":"unnamed-chunk-40","dev":"png"},"document_id":"7F8729D0","chunk_id":"csuhxz4vhfmbq","chunk_label":"unnamed-chunk-4"},{"row":178,"row_count":1,"visible":true,"expansion_state":0,"options":{},"document_id":"7F8729D0","chunk_id":"ca0cdrujz9hzj","chunk_label":"unnamed-chunk-5"}],"doc_write_time":1745789259,"chunk_rendered_width":700,"working_dir":null,"default_chunk_options":{}}