"0","# Get tweet data "
"0","tweet_data <- read.csv(""Data/Nvidia-Tweets.csv"")"
"0","tweet_data <- na.omit(tweet_data)  # Remove NA values"
"0",""
"0","# Remove duplicate tweets based on text"
"0","tweet_data <- tweet_data %>%"
"0","  distinct(Text, .keep_all = TRUE)"
"0",""
"0","# Format date column"
"0","tweet_data$Day <- as.Date(tweet_data$Datetime)"
"0","tweet_data$Time <- format(as.POSIXct(tweet_data$Datetime), ""%H:%M:%S"")"
"0","tweet_data$Hour <- hour(ymd_hms(tweet_data$Datetime))"
"0",""
"0",""
"0","# Get stock price data "
"0","start <- min(tweet_data$Day)"
"0","end <- max(tweet_data$Day)"
"0","nvda_data <- getSymbols(""NVDA"", from = start, to = end, auto.assign = F)"
"0",""
"0","nvda_data$LogReturn <- dailyReturn(nvda_data, type = ""log"")"
"0","nvda_data$AReturn <- dailyReturn(nvda_data, type = ""arithmetic"")"
"0","nvda_data <- as.data.frame(nvda_data)"
"0","nvda_data$Date <- as.Date(rownames(nvda_data))"
"0",""
